,#time,susceptible,exposed,infectious,recovered,dead,immune,num infections today,num hospitalisations today,num hospitalisations today (data),hospital bed occupancy,cum dead,cum num hospitalisations today,cum infectious,cum num infections today
0,1,138546,0,0,0,0,0,0,0,0.0,0,0,0,0,0
1,2,138546,0,0,0,0,0,0,0,0.0,0,0,0,0,0
2,3,138546,0,0,0,0,0,0,0,0.0,0,0,0,0,0
3,4,138546,0,0,0,0,0,0,0,0.0,0,0,0,0,0
4,5,138546,0,0,0,0,0,0,0,0.0,0,0,0,0,0
5,6,138546,0,0,0,0,0,0,0,0.0,0,0,0,0,0
6,7,138546,0,0,0,0,0,0,0,0.0,0,0,0,0,0
7,8,138546,0,0,0,0,0,0,0,0.0,0,0,0,0,0
8,9,138546,0,0,0,0,0,0,0,0.0,0,0,0,0,0
9,10,138546,0,0,0,0,0,0,0,0.0,0,0,0,0,0
10,11,138546,0,0,0,0,0,0,0,0.0,0,0,0,0,0
11,12,138546,0,0,0,0,0,0,0,0.0,0,0,0,0,0
12,13,138546,0,0,0,0,0,0,0,0.0,0,0,0,0,0
13,14,138546,0,0,0,0,0,0,0,0.0,0,0,0,0,0
14,15,138546,0,0,0,0,0,0,0,0.0,0,0,0,0,0
15,16,138546,0,0,0,0,0,0,0,0.0,0,0,0,0,0
16,17,138546,0,0,0,0,0,0,0,0.0,0,0,0,0,0
17,18,138546,0,0,0,0,0,0,0,0.0,0,0,0,0,0
18,19,138546,0,0,0,0,0,0,0,0.0,0,0,0,0,0
19,20,138546,0,0,0,0,0,0,0,0.0,0,0,0,0,0
20,21,138546,0,0,0,0,0,0,0,0.0,0,0,0,0,0
21,22,138546,0,0,0,0,0,0,0,0.0,0,0,0,0,0
22,23,138546,0,0,0,0,0,0,0,0.0,0,0,0,0,0
23,24,138546,0,0,0,0,0,0,0,0.0,0,0,0,0,0
24,25,138546,0,0,0,0,0,0,0,0.0,0,0,0,0,0
25,26,138546,0,0,0,0,0,0,0,0.0,0,0,0,0,0
26,27,138546,0,0,0,0,0,0,0,0.0,0,0,0,0,0
27,28,138546,0,0,0,0,0,0,0,0.0,0,0,0,0,0
28,29,138546,0,0,0,0,0,0,0,0.0,0,0,0,0,0
29,30,138546,0,0,0,0,0,0,0,0.0,0,0,0,0,0
30,31,138546,0,0,0,0,0,0,0,0.0,0,0,0,0,0
31,32,138546,0,0,0,0,0,0,0,0.0,0,0,0,0,0
32,33,138546,0,0,0,0,0,0,0,0.0,0,0,0,0,0
33,34,138546,0,0,0,0,0,0,0,0.0,0,0,0,0,0
34,35,138546,0,0,0,0,0,0,0,0.0,0,0,0,0,0
35,36,138546,0,0,0,0,0,0,0,0.0,0,0,0,0,0
36,37,138546,0,0,0,0,0,0,0,0.0,0,0,0,0,0
37,38,138546,0,0,0,0,0,0,0,0.0,0,0,0,0,0
38,39,138546,0,0,0,0,0,0,0,0.0,0,0,0,0,0
39,40,138546,0,0,0,0,0,0,0,0.0,0,0,0,0,0
40,41,138546,0,0,0,0,0,0,0,0.0,0,0,0,0,0
41,42,138546,0,0,0,0,0,0,0,0.0,0,0,0,0,0
42,43,138546,0,0,0,0,0,0,0,0.0,0,0,0,0,0
43,44,138546,0,0,0,0,0,0,0,0.0,0,0,0,0,0
44,45,138546,0,0,0,0,0,0,0,0.0,0,0,0,0,0
45,46,138546,0,0,0,0,0,0,0,0.0,0,0,0,0,0
46,47,138546,0,0,0,0,0,0,0,0.0,0,0,0,0,0
47,48,138546,0,0,0,0,0,0,0,0.0,0,0,0,0,0
48,49,138546,0,0,0,0,0,0,0,0.0,0,0,0,0,0
49,50,138546,0,0,0,0,0,0,0,0.0,0,0,0,0,0
50,51,138546,0,0,0,0,0,0,0,0.0,0,0,0,0,0
51,52,138546,0,0,0,0,0,0,0,0.0,0,0,0,0,0
52,53,138546,0,0,0,0,0,0,0,0.0,0,0,0,0,0
53,54,138546,0,0,0,0,0,0,0,0.0,0,0,0,0,0
54,55,138546,0,0,0,0,0,0,0,0.0,0,0,0,0,0
55,56,138546,0,0,0,0,0,0,0,0.0,0,0,0,0,0
56,57,138546,0,0,0,0,0,0,0,0.0,0,0,0,0,0
57,58,138546,0,0,0,0,0,0,0,0.0,0,0,0,0,0
58,59,138546,0,0,0,0,0,0,0,0.0,0,0,0,0,0
59,60,138546,0,0,0,0,0,0,0,0.0,0,0,0,0,0
60,61,138546,0,0,0,0,0,0,0,0.0,0,0,0,0,0
61,62,138546,0,0,0,0,0,0,0,0.0,0,0,0,0,0
62,63,138546,0,0,0,0,0,0,0,0.0,0,0,0,0,0
63,64,138546,0,0,0,0,0,0,0,0.0,0,0,0,0,0
64,65,138546,0,0,0,0,0,0,0,0.0,0,0,0,0,0
65,66,138546,0,0,0,0,0,0,0,0.0,0,0,0,0,0
66,67,138546,0,0,0,0,0,0,0,0.0,0,0,0,0,0
67,68,138546,0,0,0,0,0,0,0,0.0,0,0,0,0,0
68,69,138546,0,0,0,0,0,0,0,0.0,0,0,0,0,0
69,70,138546,0,0,0,0,0,0,0,0.0,0,0,0,0,0
70,71,138546,0,0,0,0,0,0,0,0.0,0,0,0,0,0
71,72,138546,0,0,0,0,0,0,0,0.0,0,0,0,0,0
72,73,138546,0,0,0,0,0,0,0,0.0,0,0,0,0,0
73,74,138546,0,0,0,0,0,0,0,0.0,0,0,0,0,0
74,75,138546,0,0,0,0,0,0,0,0.0,0,0,0,0,0
75,76,138546,0,0,0,0,0,0,0,0.0,0,0,0,0,0
76,77,138546,0,0,0,0,0,0,0,0.0,0,0,0,0,0
77,78,138546,0,0,0,0,0,0,0,0.0,0,0,0,0,0
78,79,138546,0,0,0,0,0,0,0,0.0,0,0,0,0,0
79,80,138546,0,0,0,0,0,0,0,0.0,0,0,0,0,0
80,81,138546,0,0,0,0,0,0,0,0.0,0,0,0,0,0
81,82,138546,0,0,0,0,0,0,0,0.0,0,0,0,0,0
82,83,138546,0,0,0,0,0,0,0,0.0,0,0,0,0,0
83,84,138546,0,0,0,0,0,0,0,0.0,0,0,0,0,0
84,85,138546,0,0,0,0,0,0,0,0.0,0,0,0,0,0
85,86,138546,0,0,0,0,0,0,0,0.0,0,0,0,0,0
86,87,138546,0,0,0,0,0,0,0,0.0,0,0,0,0,0
87,88,138546,0,0,0,0,0,0,0,0.0,0,0,0,0,0
88,89,138546,0,0,0,0,0,0,0,0.0,0,0,0,0,0
89,90,138546,0,0,0,0,0,0,0,0.0,0,0,0,0,0
90,91,138546,0,0,0,0,0,0,0,0.0,0,0,0,0,0
91,92,138546,0,0,0,0,0,0,0,0.0,0,0,0,0,0
92,93,138546,0,0,0,0,0,0,0,0.0,0,0,0,0,0
93,94,138546,0,0,0,0,0,0,0,0.0,0,0,0,0,0
94,95,138546,0,0,0,0,0,0,0,0.0,0,0,0,0,0
95,96,138546,0,0,0,0,0,0,0,0.0,0,0,0,0,0
96,97,138546,0,0,0,0,0,0,0,0.0,0,0,0,0,0
97,98,138546,0,0,0,0,0,0,0,0.0,0,0,0,0,0
98,99,138546,0,0,0,0,0,0,0,0.0,0,0,0,0,0
99,100,138546,0,0,0,0,0,0,0,0.0,0,0,0,0,0
100,101,138546,0,0,0,0,0,0,0,0.0,0,0,0,0,0
101,102,138546,0,0,0,0,0,0,0,0.0,0,0,0,0,0
102,103,138546,0,0,0,0,0,0,0,0.0,0,0,0,0,0
103,104,138546,0,0,0,0,0,0,0,0.0,0,0,0,0,0
104,105,138546,0,0,0,0,0,0,0,0.0,0,0,0,0,0
105,106,138546,0,0,0,0,0,0,0,0.0,0,0,0,0,0
106,107,138546,0,0,0,0,0,0,0,0.0,0,0,0,0,0
107,108,138546,0,0,0,0,0,0,0,0.0,0,0,0,0,0
108,109,138546,0,0,0,0,0,0,0,0.0,0,0,0,0,0
109,110,138546,0,0,0,0,0,0,0,0.0,0,0,0,0,0
110,111,138546,0,0,0,0,0,0,0,0.0,0,0,0,0,0
111,112,138546,0,0,0,0,0,0,0,0.0,0,0,0,0,0
112,113,138546,0,0,0,0,0,0,0,0.0,0,0,0,0,0
113,114,138546,0,0,0,0,0,0,0,0.0,0,0,0,0,0
114,115,138546,0,0,0,0,0,0,0,0.0,0,0,0,0,0
115,116,138546,0,0,0,0,0,0,0,0.0,0,0,0,0,0
116,117,138546,0,0,0,0,0,0,0,0.0,0,0,0,0,0
117,118,138546,0,0,0,0,0,0,0,0.0,0,0,0,0,0
118,119,138546,0,0,0,0,0,0,0,0.0,0,0,0,0,0
119,120,138546,0,0,0,0,0,0,0,0.0,0,0,0,0,0
120,121,138546,0,0,0,0,0,0,0,0.0,0,0,0,0,0
121,122,138546,0,0,0,0,0,0,0,0.0,0,0,0,0,0
122,123,138546,0,0,0,0,0,0,0,0.0,0,0,0,0,0
123,124,138546,0,0,0,0,0,0,0,0.0,0,0,0,0,0
124,125,138546,0,0,0,0,0,0,0,0.0,0,0,0,0,0
125,126,138546,0,0,0,0,0,0,0,0.0,0,0,0,0,0
126,127,138546,0,0,0,0,0,0,0,0.0,0,0,0,0,0
127,128,138546,0,0,0,0,0,0,0,0.0,0,0,0,0,0
128,129,138546,0,0,0,0,0,0,0,0.0,0,0,0,0,0
129,130,138546,0,0,0,0,0,0,0,0.0,0,0,0,0,0
130,131,138546,0,0,0,0,0,0,0,0.0,0,0,0,0,0
131,132,138546,0,0,0,0,0,0,0,0.0,0,0,0,0,0
132,133,138546,0,0,0,0,0,0,0,0.0,0,0,0,0,0
133,134,138546,0,0,0,0,0,0,0,0.0,0,0,0,0,0
134,135,138546,0,0,0,0,0,0,0,0.0,0,0,0,0,0
135,136,138546,0,0,0,0,0,0,0,0.0,0,0,0,0,0
136,137,138546,0,0,0,0,0,0,0,0.0,0,0,0,0,0
137,138,138546,0,0,0,0,0,0,0,0.0,0,0,0,0,0
138,139,138546,0,0,0,0,0,0,0,0.0,0,0,0,0,0
139,140,138546,0,0,0,0,0,0,0,0.0,0,0,0,0,0
140,141,138546,0,0,0,0,0,0,0,0.0,0,0,0,0,0
141,142,138546,0,0,0,0,0,0,0,0.0,0,0,0,0,0
142,143,138546,0,0,0,0,0,0,0,0.0,0,0,0,0,0
143,144,138546,0,0,0,0,0,0,0,0.0,0,0,0,0,0
144,145,138546,0,0,0,0,0,0,0,0.0,0,0,0,0,0
145,146,138546,0,0,0,0,0,0,0,0.0,0,0,0,0,0
146,147,138546,0,0,0,0,0,0,0,0.0,0,0,0,0,0
147,148,138546,0,0,0,0,0,0,0,0.0,0,0,0,0,0
148,149,138546,0,0,0,0,0,0,0,0.0,0,0,0,0,0
149,150,138546,0,0,0,0,0,0,0,0.0,0,0,0,0,0
150,151,138546,0,0,0,0,0,0,0,0.0,0,0,0,0,0
151,152,138546,0,0,0,0,0,0,0,0.0,0,0,0,0,0
152,153,138546,0,0,0,0,0,0,0,0.0,0,0,0,0,0
153,154,138546,0,0,0,0,0,0,0,0.0,0,0,0,0,0
154,155,138546,0,0,0,0,0,0,0,0.0,0,0,0,0,0
155,156,138546,0,0,0,0,0,0,0,0.0,0,0,0,0,0
156,157,138546,0,0,0,0,0,0,0,0.0,0,0,0,0,0
157,158,138546,0,0,0,0,0,0,0,0.0,0,0,0,0,0
158,159,138546,0,0,0,0,0,0,0,0.0,0,0,0,0,0
159,160,138546,0,0,0,0,0,0,0,0.0,0,0,0,0,0
160,161,138546,0,0,0,0,0,0,0,0.0,0,0,0,0,0
161,162,138546,0,0,0,0,0,0,0,0.0,0,0,0,0,0
162,163,138546,0,0,0,0,0,0,0,0.0,0,0,0,0,0
163,164,138546,0,0,0,0,0,0,0,0.0,0,0,0,0,0
164,165,138546,0,0,0,0,0,0,0,0.0,0,0,0,0,0
165,166,138546,0,0,0,0,0,0,0,0.0,0,0,0,0,0
166,167,138546,0,0,0,0,0,0,0,0.0,0,0,0,0,0
167,168,138546,0,0,0,0,0,0,0,0.0,0,0,0,0,0
168,169,138546,0,0,0,0,0,0,0,0.0,0,0,0,0,0
169,170,138546,0,0,0,0,0,0,0,0.0,0,0,0,0,0
170,171,138546,0,0,0,0,0,0,0,0.0,0,0,0,0,0
171,172,138546,0,0,0,0,0,0,0,0.0,0,0,0,0,0
172,173,138546,0,0,0,0,0,0,0,0.0,0,0,0,0,0
173,174,138546,0,0,0,0,0,0,0,0.0,0,0,0,0,0
174,175,138546,0,0,0,0,0,0,0,0.0,0,0,0,0,0
175,176,138546,0,0,0,0,0,0,0,0.0,0,0,0,0,0
176,177,138546,0,0,0,0,0,0,0,0.0,0,0,0,0,0
177,178,138546,0,0,0,0,0,0,0,0.0,0,0,0,0,0
178,179,138546,0,0,0,0,0,0,0,0.0,0,0,0,0,0
179,180,138546,0,0,0,0,0,0,0,0.0,0,0,0,0,0
180,181,138546,0,0,0,0,0,0,0,0.0,0,0,0,0,0
181,182,138546,0,0,0,0,0,0,0,0.0,0,0,0,0,0
182,183,138546,0,0,0,0,0,0,0,0.0,0,0,0,0,0
183,184,138546,0,0,0,0,0,0,0,0.0,0,0,0,0,0
184,185,138546,0,0,0,0,0,0,0,0.0,0,0,0,0,0
185,186,138546,0,0,0,0,0,0,0,0.0,0,0,0,0,0
186,187,138546,0,0,0,0,0,0,0,0.0,0,0,0,0,0
187,188,138546,0,0,0,0,0,0,0,0.0,0,0,0,0,0
188,189,138546,0,0,0,0,0,0,0,0.0,0,0,0,0,0
189,190,138546,0,0,0,0,0,0,0,0.0,0,0,0,0,0
190,191,138546,0,0,0,0,0,0,0,0.0,0,0,0,0,0
191,192,138546,0,0,0,0,0,0,0,0.0,0,0,0,0,0
192,193,138546,0,0,0,0,0,0,0,0.0,0,0,0,0,0
193,194,138546,0,0,0,0,0,0,0,0.0,0,0,0,0,0
194,195,138546,0,0,0,0,0,0,0,0.0,0,0,0,0,0
195,196,138546,0,0,0,0,0,0,0,0.0,0,0,0,0,0
196,197,138546,0,0,0,0,0,0,0,0.0,0,0,0,0,0
197,198,138546,0,0,0,0,0,0,0,0.0,0,0,0,0,0
198,199,138546,0,0,0,0,0,0,0,0.0,0,0,0,0,0
199,200,138546,0,0,0,0,0,0,0,0.0,0,0,0,0,0
200,201,138546,0,0,0,0,0,0,0,0.0,0,0,0,0,0
201,202,138546,0,0,0,0,0,0,0,0.0,0,0,0,0,0
202,203,138546,0,0,0,0,0,0,0,0.0,0,0,0,0,0
203,204,138546,0,0,0,0,0,0,0,0.0,0,0,0,0,0
204,205,138546,0,0,0,0,0,0,0,0.0,0,0,0,0,0
205,206,138546,0,0,0,0,0,0,0,0.0,0,0,0,0,0
206,207,138546,0,0,0,0,0,0,0,0.0,0,0,0,0,0
207,208,138546,0,0,0,0,0,0,0,0.0,0,0,0,0,0
208,209,138546,0,0,0,0,0,0,0,0.0,0,0,0,0,0
209,210,138546,0,0,0,0,0,0,0,0.0,0,0,0,0,0
210,211,138546,0,0,0,0,0,0,0,0.0,0,0,0,0,0
211,212,138546,0,0,0,0,0,0,0,0.0,0,0,0,0,0
212,213,138546,0,0,0,0,0,0,0,0.0,0,0,0,0,0
213,214,138546,0,0,0,0,0,0,0,0.0,0,0,0,0,0
214,215,138546,0,0,0,0,0,0,0,0.0,0,0,0,0,0
215,216,138546,0,0,0,0,0,0,0,0.0,0,0,0,0,0
216,217,138546,0,0,0,0,0,0,0,0.0,0,0,0,0,0
217,218,138546,0,0,0,0,0,0,0,0.0,0,0,0,0,0
218,219,138546,0,0,0,0,0,0,0,0.0,0,0,0,0,0
219,220,138546,0,0,0,0,0,0,0,0.0,0,0,0,0,0
220,221,138546,0,0,0,0,0,0,0,0.0,0,0,0,0,0
221,222,138546,0,0,0,0,0,0,0,0.0,0,0,0,0,0
222,223,138546,0,0,0,0,0,0,0,0.0,0,0,0,0,0
223,224,138546,0,0,0,0,0,0,0,0.0,0,0,0,0,0
224,225,138546,0,0,0,0,0,0,0,0.0,0,0,0,0,0
225,226,138546,0,0,0,0,0,0,0,0.0,0,0,0,0,0
226,227,138546,0,0,0,0,0,0,0,0.0,0,0,0,0,0
227,228,138546,0,0,0,0,0,0,0,0.0,0,0,0,0,0
228,229,138546,0,0,0,0,0,0,0,0.0,0,0,0,0,0
229,230,138546,0,0,0,0,0,0,0,0.0,0,0,0,0,0
230,231,138546,0,0,0,0,0,0,0,0.0,0,0,0,0,0
231,232,138546,0,0,0,0,0,0,0,0.0,0,0,0,0,0
232,233,138546,0,0,0,0,0,0,0,0.0,0,0,0,0,0
233,234,138546,0,0,0,0,0,0,0,0.0,0,0,0,0,0
234,235,138546,0,0,0,0,0,0,0,0.0,0,0,0,0,0
235,236,138546,0,0,0,0,0,0,0,0.0,0,0,0,0,0
236,237,138546,0,0,0,0,0,0,0,0.0,0,0,0,0,0
237,238,138546,0,0,0,0,0,0,0,0.0,0,0,0,0,0
238,239,138546,0,0,0,0,0,0,0,0.0,0,0,0,0,0
239,240,138546,0,0,0,0,0,0,0,0.0,0,0,0,0,0
240,241,138546,0,0,0,0,0,0,0,0.0,0,0,0,0,0
241,242,138546,0,0,0,0,0,0,0,0.0,0,0,0,0,0
242,243,138546,0,0,0,0,0,0,0,0.0,0,0,0,0,0
243,244,138546,0,0,0,0,0,0,0,0.0,0,0,0,0,0
244,245,138546,0,0,0,0,0,0,0,0.0,0,0,0,0,0
245,246,138546,0,0,0,0,0,0,0,0.0,0,0,0,0,0
246,247,138546,0,0,0,0,0,0,0,0.0,0,0,0,0,0
247,248,138546,0,0,0,0,0,0,0,0.0,0,0,0,0,0
248,249,138546,0,0,0,0,0,0,0,0.0,0,0,0,0,0
249,250,138546,0,0,0,0,0,0,0,0.0,0,0,0,0,0
250,251,138546,0,0,0,0,0,0,0,0.0,0,0,0,0,0
251,252,138546,0,0,0,0,0,0,0,0.0,0,0,0,0,0
252,253,138546,0,0,0,0,0,0,0,0.0,0,0,0,0,0
253,254,138546,0,0,0,0,0,0,0,0.0,0,0,0,0,0
254,255,138546,0,0,0,0,0,0,0,0.0,0,0,0,0,0
255,256,138546,0,0,0,0,0,0,0,0.0,0,0,0,0,0
256,257,138546,0,0,0,0,0,0,0,0.0,0,0,0,0,0
257,258,138546,0,0,0,0,0,0,0,0.0,0,0,0,0,0
258,259,138546,0,0,0,0,0,0,0,0.0,0,0,0,0,0
259,260,138546,0,0,0,0,0,0,0,0.0,0,0,0,0,0
260,261,138546,0,0,0,0,0,0,0,0.0,0,0,0,0,0
261,262,138546,0,0,0,0,0,0,0,0.0,0,0,0,0,0
262,263,138546,0,0,0,0,0,0,0,0.0,0,0,0,0,0
263,264,138546,0,0,0,0,0,0,0,0.0,0,0,0,0,0
264,265,138546,0,0,0,0,0,0,0,0.0,0,0,0,0,0
265,266,138546,0,0,0,0,0,0,0,0.0,0,0,0,0,0
266,267,138546,0,0,0,0,0,0,0,0.0,0,0,0,0,0
267,268,138546,0,0,0,0,0,0,0,0.0,0,0,0,0,0
268,269,138546,0,0,0,0,0,0,0,0.0,0,0,0,0,0
269,270,138546,0,0,0,0,0,0,0,0.0,0,0,0,0,0
270,271,138546,0,0,0,0,0,0,0,0.0,0,0,0,0,0
271,272,138546,0,0,0,0,0,0,0,0.0,0,0,0,0,0
272,273,138546,0,0,0,0,0,0,0,0.0,0,0,0,0,0
273,274,138546,0,0,0,0,0,0,0,0.0,0,0,0,0,0
274,275,138546,0,0,0,0,0,0,0,0.0,0,0,0,0,0
275,276,138546,0,0,0,0,0,0,0,0.0,0,0,0,0,0
276,277,138546,0,0,0,0,0,0,0,0.0,0,0,0,0,0
277,278,138546,0,0,0,0,0,0,0,0.0,0,0,0,0,0
278,279,138546,0,0,0,0,0,0,0,0.0,0,0,0,0,0
279,280,138546,0,0,0,0,0,0,0,0.0,0,0,0,0,0
280,281,138546,0,0,0,0,0,0,0,0.0,0,0,0,0,0
281,282,138546,0,0,0,0,0,0,0,0.0,0,0,0,0,0
282,283,138546,0,0,0,0,0,0,0,0.0,0,0,0,0,0
283,284,138546,0,0,0,0,0,0,0,0.0,0,0,0,0,0
284,285,138546,0,0,0,0,0,0,0,0.0,0,0,0,0,0
285,286,138546,0,0,0,0,0,0,0,0.0,0,0,0,0,0
286,287,138546,0,0,0,0,0,0,0,0.0,0,0,0,0,0
287,288,138546,0,0,0,0,0,0,0,0.0,0,0,0,0,0
288,289,138546,0,0,0,0,0,0,0,0.0,0,0,0,0,0
289,290,138546,0,0,0,0,0,0,0,0.0,0,0,0,0,0
290,291,138546,0,0,0,0,0,0,0,0.0,0,0,0,0,0
291,292,138546,0,0,0,0,0,0,0,0.0,0,0,0,0,0
292,293,138546,0,0,0,0,0,0,0,0.0,0,0,0,0,0
293,294,138546,0,0,0,0,0,0,0,0.0,0,0,0,0,0
294,295,138546,0,0,0,0,0,0,0,0.0,0,0,0,0,0
295,296,138546,0,0,0,0,0,0,0,0.0,0,0,0,0,0
296,297,138546,0,0,0,0,0,0,0,0.0,0,0,0,0,0
297,298,138546,0,0,0,0,0,0,0,0.0,0,0,0,0,0
298,299,138546,0,0,0,0,0,0,0,0.0,0,0,0,0,0
299,300,138546,0,0,0,0,0,0,0,0.0,0,0,0,0,0
300,301,138546,0,0,0,0,0,0,0,0.0,0,0,0,0,0
301,302,138546,0,0,0,0,0,0,0,0.0,0,0,0,0,0
302,303,138546,0,0,0,0,0,0,0,0.0,0,0,0,0,0
303,304,138546,0,0,0,0,0,0,0,0.0,0,0,0,0,0
304,305,138546,0,0,0,0,0,0,0,0.0,0,0,0,0,0
305,306,138546,0,0,0,0,0,0,0,0.0,0,0,0,0,0
306,307,138546,0,0,0,0,0,0,0,0.0,0,0,0,0,0
307,308,138546,0,0,0,0,0,0,0,0.0,0,0,0,0,0
308,309,138546,0,0,0,0,0,0,0,0.0,0,0,0,0,0
309,310,138546,0,0,0,0,0,0,0,0.0,0,0,0,0,0
310,311,138546,0,0,0,0,0,0,0,0.0,0,0,0,0,0
311,312,138546,0,0,0,0,0,0,0,0.0,0,0,0,0,0
312,313,138546,0,0,0,0,0,0,0,0.0,0,0,0,0,0
313,314,138546,0,0,0,0,0,0,0,0.0,0,0,0,0,0
314,315,138546,0,0,0,0,0,0,0,0.0,0,0,0,0,0
315,316,138546,0,0,0,0,0,0,0,0.0,0,0,0,0,0
316,317,138546,0,0,0,0,0,0,0,0.0,0,0,0,0,0
317,318,138546,0,0,0,0,0,0,0,0.0,0,0,0,0,0
318,319,138546,0,0,0,0,0,0,0,0.0,0,0,0,0,0
319,320,138546,0,0,0,0,0,0,0,0.0,0,0,0,0,0
320,321,138546,0,0,0,0,0,0,0,0.0,0,0,0,0,0
321,322,138546,0,0,0,0,0,0,0,0.0,0,0,0,0,0
322,323,138546,0,0,0,0,0,0,0,0.0,0,0,0,0,0
323,324,138546,0,0,0,0,0,0,0,0.0,0,0,0,0,0
324,325,138546,0,0,0,0,0,0,0,0.0,0,0,0,0,0
325,326,138546,0,0,0,0,0,0,0,0.0,0,0,0,0,0
326,327,138546,0,0,0,0,0,0,0,0.0,0,0,0,0,0
327,328,138546,0,0,0,0,0,0,0,0.0,0,0,0,0,0
328,329,138546,0,0,0,0,0,0,0,0.0,0,0,0,0,0
329,330,138546,0,0,0,0,0,0,0,0.0,0,0,0,0,0
330,331,138546,0,0,0,0,0,0,0,0.0,0,0,0,0,0
331,332,138546,0,0,0,0,0,0,0,0.0,0,0,0,0,0
332,333,138546,0,0,0,0,0,0,0,0.0,0,0,0,0,0
333,334,138546,0,0,0,0,0,0,0,0.0,0,0,0,0,0
334,335,138546,0,0,0,0,0,0,0,0.0,0,0,0,0,0
335,336,138546,0,0,0,0,0,0,0,0.0,0,0,0,0,0
336,337,138546,0,0,0,0,0,0,0,0.0,0,0,0,0,0
337,338,138546,0,0,0,0,0,0,0,0.0,0,0,0,0,0
338,339,138546,0,0,0,0,0,0,0,0.0,0,0,0,0,0
339,340,138546,0,0,0,0,0,0,0,0.0,0,0,0,0,0
340,341,138546,0,0,0,0,0,0,0,0.0,0,0,0,0,0
341,342,138546,0,0,0,0,0,0,0,0.0,0,0,0,0,0
342,343,138546,0,0,0,0,0,0,0,0.0,0,0,0,0,0
343,344,138546,0,0,0,0,0,0,0,0.0,0,0,0,0,0
344,345,138546,0,0,0,0,0,0,0,0.0,0,0,0,0,0
345,346,138546,0,0,0,0,0,0,0,0.0,0,0,0,0,0
346,347,138546,0,0,0,0,0,0,0,0.0,0,0,0,0,0
347,348,138546,0,0,0,0,0,0,0,0.0,0,0,0,0,0
348,349,138546,0,0,0,0,0,0,0,0.0,0,0,0,0,0
349,350,138546,0,0,0,0,0,0,0,0.0,0,0,0,0,0
350,351,138546,0,0,0,0,0,0,0,0.0,0,0,0,0,0
351,352,138546,0,0,0,0,0,0,0,0.0,0,0,0,0,0
352,353,138546,0,0,0,0,0,0,0,0.0,0,0,0,0,0
353,354,138546,0,0,0,0,0,0,0,0.0,0,0,0,0,0
354,355,138546,0,0,0,0,0,0,0,0.0,0,0,0,0,0
355,356,138546,0,0,0,0,0,0,0,0.0,0,0,0,0,0
356,357,138546,0,0,0,0,0,0,0,0.0,0,0,0,0,0
357,358,138546,0,0,0,0,0,0,0,0.0,0,0,0,0,0
358,359,138546,0,0,0,0,0,0,0,0.0,0,0,0,0,0
359,360,138546,0,0,0,0,0,0,0,0.0,0,0,0,0,0
360,361,138546,0,0,0,0,0,0,0,0.0,0,0,0,0,0
361,362,138546,0,0,0,0,0,0,0,0.0,0,0,0,0,0
362,363,138546,0,0,0,0,0,0,0,0.0,0,0,0,0,0
363,364,138546,0,0,0,0,0,0,0,0.0,0,0,0,0,0
364,365,138546,0,0,0,0,0,0,0,0.0,0,0,0,0,0
365,366,138546,0,0,0,0,0,0,0,0.0,0,0,0,0,0
366,367,138546,0,0,0,0,0,0,0,0.0,0,0,0,0,0
367,368,138546,0,0,0,0,0,0,0,0.0,0,0,0,0,0
368,369,138546,0,0,0,0,0,0,0,0.0,0,0,0,0,0
369,370,138546,0,0,0,0,0,0,0,0.0,0,0,0,0,0
370,371,138546,0,0,0,0,0,0,0,0.0,0,0,0,0,0
371,372,138546,0,0,0,0,0,0,0,0.0,0,0,0,0,0
372,373,138546,0,0,0,0,0,0,0,0.0,0,0,0,0,0
373,374,138546,0,0,0,0,0,0,0,0.0,0,0,0,0,0
374,375,138546,0,0,0,0,0,0,0,0.0,0,0,0,0,0
375,376,138546,0,0,0,0,0,0,0,0.0,0,0,0,0,0
376,377,138546,0,0,0,0,0,0,0,0.0,0,0,0,0,0
377,378,138546,0,0,0,0,0,0,0,0.0,0,0,0,0,0
378,379,138546,0,0,0,0,0,0,0,0.0,0,0,0,0,0
379,380,138546,0,0,0,0,0,0,0,0.0,0,0,0,0,0
380,381,138546,0,0,0,0,0,0,0,0.0,0,0,0,0,0
381,382,138546,0,0,0,0,0,0,0,0.0,0,0,0,0,0
382,383,138546,0,0,0,0,0,0,0,0.0,0,0,0,0,0
383,384,138546,0,0,0,0,0,0,0,0.0,0,0,0,0,0
384,385,138546,0,0,0,0,0,0,0,0.0,0,0,0,0,0
385,386,138546,0,0,0,0,0,0,0,0.0,0,0,0,0,0
386,387,138546,0,0,0,0,0,0,0,0.0,0,0,0,0,0
387,388,138546,0,0,0,0,0,0,0,0.0,0,0,0,0,0
388,389,138546,0,0,0,0,0,0,0,0.0,0,0,0,0,0
389,390,138546,0,0,0,0,0,0,0,0.0,0,0,0,0,0
390,391,138546,0,0,0,0,0,0,0,0.0,0,0,0,0,0
391,392,138546,0,0,0,0,0,0,0,0.0,0,0,0,0,0
392,393,138546,0,0,0,0,0,0,0,0.0,0,0,0,0,0
393,394,138546,0,0,0,0,0,0,0,0.0,0,0,0,0,0
394,395,138546,0,0,0,0,0,0,0,0.0,0,0,0,0,0
395,396,138546,0,0,0,0,0,0,0,0.0,0,0,0,0,0
396,397,138546,0,0,0,0,0,0,0,0.0,0,0,0,0,0
397,398,138546,0,0,0,0,0,0,0,0.0,0,0,0,0,0
398,399,138546,0,0,0,0,0,0,0,0.0,0,0,0,0,0
399,400,138546,0,0,0,0,0,0,0,0.0,0,0,0,0,0
